{"MlvnXQPO2O2is5cxnHItdQ==":"2023-05-20%2014.32.22-1076x1076.jpg","qoZ31tDpFfl7r9sPFQnkcw==":"2023-05-22%2015.22.51-980x980.jpg","c6ff2lbhtgKveFFeBSJu/Q==":"photo_2023-05-22%2015.24.36-1046x1280.jpg","Dc0AE2ZDsuVFp8eAQr5NtA==":"photo_2023-05-22%2015.24.57-1034x1280.jpg","sEwstaFGiTd/fYjJL6BgzQ==":"photo_2023-05-22%2015.25.00-1031x1280.jpg","0TMHtB/Ml8/klOp1CYKRYw==":"photo_2023-05-22%2015.24.49-1042x1280.jpg","DNQDt+abiuYMm4TiQyCOiQ==":"photo_2023-05-22%2015.24.52-1046x1280.jpg","4HzqH6eYi+VjkoaE/3QlLA==":"photo_2023-05-22%2015.24.54-1042x1280.jpg","fRqZ/gRPI6//ye+G3nkNiw==":"photo_2023-05-23%2013.01.56-1076x1076.jpg","kGWa0CFrfKHhlzS83j/BuA==":"1681337417_1681337417.jpg.webp","rNJrwhk1InwmsNiRNVSxeg==":"2023-05-23%2013.02.05-1031x1031.jpg","J/Si9cw4GaWUVIYToHiIoQ==":"2023-05-23%2013.02.22-974x1280.jpg","bCMMbzCy1eSZnPIoTiRIBw==":"2023-05-23%2013.02.42-960x1280.jpg","FOnkNIgAkBveyLVWgg1nyA==":"2023-05-23%2013.02.30-959x1280.jpg","JI9poeDB5ndl51gqekUBOA==":"2023-05-23%2013.02.50-960x1280.jpg","rb5idQ0QDSrD6a3fbekXHw==":"photo_2023-06-12%2013.11.38-1076x1076.jpg","tY7M/O2yygl0IOJONzEBWw==":"photo_2023-06-12%2013.30.29-980x784.jpg","QQvOga01LhoPZTJ1OIPvYg==":"img-9324-959x1279.jpg","/fJgRaI7Pt755NPhhDY0oQ==":"img-9325-959x1279.jpg","cjAghWzwgvQVBK5//q7aRw==":"img-9319-959x1279.jpg","Vky3IGHtPZbrUi0jYNerng==":"photo_2023-06-17%2020.37.07-1266x1266.jpg","rNz9TjSbbgOiGY0l54R1zg==":"photo_2023-06-17%2019.54.27-1154x923.jpg","F3Vxra3rRyjyKKN/ndBCgA==":"photo_2023-06-17%2019.55.21-959x1279.jpg","2ukks3bynGARI88X5cnstw==":"photo_2023-06-17%2019.55.09-959x1279.jpg","8Q9cjgkaN8WiSglaZyL0VA==":"photo_2023-06-17%2019.55.15-959x1279.jpg","t24DdoG6IixWwCRcxbokVQ==":"photo_2023-06-17%2019.54.39-959x1280.jpg","Ais5epXVrJD6Kwn9dR0fYA==":"photo_2023-06-17%2020.37.04-1266x1266.jpg","7piggDnju2N8LAYdYo1aSw==":"photo_2023-06-17%2020.37.04-1183x1183.jpg","QIfyjlbRpBwZWkQLmDfnXg==":"photo_2023-06-17%2020.37.04-959x959.jpg","azM5cFPkKRRsZ5+PVj65WA==":"photo_2024-01-30_21-58-25-1266x844.jpg","IIBo1/eYSMhOI4Z5oBxkIQ==":"photo_2024-01-30_21-58-27-1024x1280.jpg","FsfRmh2SLs9EBAGw6oBWLQ==":"photo_2024-01-30_21-58-26-959x1199.jpg","+yd0bVLShLPWZTCqVP/9dA==":"photo_2024-01-30_21-58-26%20(2)-959x1199.jpg","2KMU+kBK5rjA9MxApbNnVw==":"photo_2024-01-30_21-58-27-959x1199.jpg","St/Khot2nTSDNYoFhcvfZw==":"2024-08-06%2014.51.42-1280x1280.jpg","CMmtBLv2i/M5pzewHxDMDw==":"2024-08-06%2015.24.30-1076x748.jpg","ntrnncR8yoDfsH/7/nGlCg==":"2024-08-06%2015.24.30-1108x770.jpeg","C9xxYsFDCqO5R5kawaHcZQ==":"2024-08-06%2009.13.21-960x1280.jpg","u0xbYK3fJ+Gi1+QBxsdN7Q==":"2024-08-06%2009.13.41-1020x1280.jpg","Q7RbnF7pSzkbQlnsQ/L7xA==":"2024-08-06%2009.12.54-956x1280.jpg","kgZh74xznCnjxVrKycAtYw==":"2024-08-06%2009.13.11-951x1280.jpg","0wuTyYTAdt6BYugXxzD9Qg==":"2024-06-10%2020.26.16-600x624.jpg","WwMWBNd/lYm6YqxWCntzKw==":"2024-06-10%2020.25.55-1076x1154.jpg","v0SicgsgG78oAMu0rnqikQ==":"photo_2024-08-08_21-02-42-1024x1280.jpg","sRaR3G8OoqeYH/j0llheQQ==":"%D0%A1%D1%83%D1%87%D0%B0%D1%81%D0%BD%D0%B8%D0%B9%20%D1%80%D0%BE%D0%B7%D1%80%D1%96%D0%B7%20%D0%BF%D0%BE%20%D1%81%D0%BF%D0%B8%D0%BD%D1%86%D1%96%20%D0%B4%D0%BE%D0%B4%D0%B0%D1%94%20%D1%80%D0%BE%D0%B4%D0%B7%D0%B8%D0%BD%D0%BA%D1%83%20%D0%B2%D0%B0%D1%88%D0%BE%D0%BC%D1%83%20%D1%81%D1%82%D0%B8%D0%BB%D1%8E-1280x1280.png","4x7VFIHYNeGCe+nJOi0Ibw==":"photo_2024-08-08_21-02-43-720x1280.jpg","7gcrzw8Nizzo9joelVF+ng==":"photo_2024-08-08_21-02-42%20(2)-1024x1280.jpg","cPHGtkLIVXICIHtSfdJPxg==":"photo_2024-08-08_21-02-43%20(2)-720x1280.jpg","esG2TWn+llhKZIcgrqL2qg==":"photo_2024-08-08_21-02-42%20(2)-816x1020.jpg","d5aJ2UhApm6XqY7QXdmopA==":"photo_2024-08-08_21-02-44-719x1280.jpg","+fZQ0yyY0ZC53CJL5xVHFw==":"photo_2024-08-08_21-02-41-719x1280.jpg","j4gCMp/08J0AOGbPEPnKkw==":"%D0%A1%D1%83%D1%87%D0%B0%D1%81%D0%BD%D0%B8%D0%B9%20%D1%80%D0%BE%D0%B7%D1%80%D1%96%D0%B7%20%D0%BF%D0%BE%20%D1%81%D0%BF%D0%B8%D0%BD%D1%86%D1%96%20%D0%B4%D0%BE%D0%B4%D0%B0%D1%94%20%D1%80%D0%BE%D0%B4%D0%B7%D0%B8%D0%BD%D0%BA%D1%83%20%D0%B2%D0%B0%D1%88%D0%BE%D0%BC%D1%83%20%D1%81%D1%82%D0%B8%D0%BB%D1%8E%20(1)-1173x1173.png","I5K4Hp671NfmyvGT7dhUIQ==":"logo-1.png","p19zs78LrdLurXpYyagFfA==":"background1.jpg","hDw2kn+DCbsTqzdJEAlZGQ==":"background1-1.jpg","hucO2dkmRc3zvqNa/rmWuw==":"background8.jpg","86zivg6Z/ozpNCRY9nK9/g==":"garantiafstory-1920x772.png","oRykAiO0rUD++7AmPeEwUg==":"background1-2.jpg","n1dx+NZv3qks526xC0hZ5Q==":"background13.jpg","kR1k1w3WChOxyZVkvCYCyQ==":"1-758x800.png","jSbpOGJiYwI/Wau3JSntQQ==":"mbr-135x101.jpg","RghLqYafbJfk8BkWUpESlQ==":"%D0%A1%D1%83%D1%87%D0%B0%D1%81%D0%BD%D0%B8%D0%B9%20%D1%80%D0%BE%D0%B7%D1%80%D1%96%D0%B7%20%D0%BF%D0%BE%20%D1%81%D0%BF%D0%B8%D0%BD%D1%86%D1%96%20%D0%B4%D0%BE%D0%B4%D0%B0%D1%94%20%D1%80%D0%BE%D0%B4%D0%B7%D0%B8%D0%BD%D0%BA%D1%83%20%D0%B2%D0%B0%D1%88%D0%BE%D0%BC%D1%83%20%D1%81%D1%82%D0%B8%D0%BB%D1%8E-720x720.png","W6AqGMy6FWz66wNsc6NZvA==":"photo_17_2024-08-10_21-00-49-800x1200.jpg","/svl4GN09+ksS9leR6TWXA==":"photo_4_2024-08-10_21-00-49-800x1200.jpg","DTRBY1ejGmxMJmOA3yhZfg==":"photo_11_2024-08-10_21-00-49-800x1200.jpg","jgpt+d60d4uIGZFAVbxmgg==":"photo_1_2024-08-10_21-00-49-800x1200.jpg","FzW1eN10ITfHGBkDTY9I/w==":"photo_7_2024-08-10_21-00-49-800x1200.jpg","ODVFI4JAWVvZkaj/D/nuAw==":"%D0%A1%D1%83%D1%87%D0%B0%D1%81%D0%BD%D0%B8%D0%B9%20%D1%80%D0%BE%D0%B7%D1%80%D1%96%D0%B7%20%D0%BF%D0%BE%20%D1%81%D0%BF%D0%B8%D0%BD%D1%86%D1%96%20%D0%B4%D0%BE%D0%B4%D0%B0%D1%94%20%D1%80%D0%BE%D0%B4%D0%B7%D0%B8%D0%BD%D0%BA%D1%83%20%D0%B2%D0%B0%D1%88%D0%BE%D0%BC%D1%83%20%D1%81%D1%82%D0%B8%D0%BB%D1%8E-1280x1280.png","h/24Z+JwDZXPiLpflKHgjQ==":"%D0%BC%D0%BE%D0%B4%20279-1280x1280.png","U0J7zaDbP6uIQGbNtQKQiw==":"photo_4_2024-08-10_22-26-13-959x1280.jpg","ZGYCI5s8O5h9H53n2mAayw==":"photo_20_2024-08-10_22-26-13-960x1280.jpg","DsJdQPOA3ZgQckln+vmQbQ==":"photo_29_2024-08-10_22-26-13-960x1280.jpg","vlpI1Ak+hgy+qO2zlD9A9Q==":"photo_26_2024-08-10_22-26-13-960x1280.jpg","dMI3B1DrXfD3hX+u7PyF5Q==":"photo_6_2024-08-10_22-26-13-959x1280.jpg","aor8grp4CbQ6HDKg1X2+Yw==":"281-1280x1280.png","mGQCokfskMB3nePxziFgpA==":"background1-3.jpg","D3+jBWNDcluEcdKxoafnWg==":"bg1.jpg","wJbBZb8FZKYZXOhQuAIJNA==":"photo_17_2024-08-14_16-37-16-960x1280.jpg","6ribbrNl6rRz0YP2bk/UQw==":"photo_28_2024-08-14_16-37-16-960x1280.jpg","KKnDR5x+CJnyDZef/blHnA==":"photo_23_2024-08-14_16-37-16-960x1280.jpg","AcZBPcwg36FWHjZq3GE9cw==":"photo_11_2024-08-14_16-37-16-959x1280.jpg","L9taTiU0ceIdY55iNpD7bw==":"photo_24_2024-08-14_16-37-16-960x1280.jpg","/2nmD+pJXMB97G111G2qig==":"281r-1280x1280.png","5zNxqWqq4ujCqsIccTfeOw==":"281r-1-1280x1280.png","zJeVORSX0GtQA6bHt6BiPA==":"317-1280x1280.png","/sVazq168Z10crjG87IvMg==":"317%20r-1280x1280.png","BTslkHySytB+weHVfrmXlA==":"photo_10_2024-08-14_21-42-38-720x959.jpg","L8SrzYk4+P6tA+SNEe9ltg==":"photo_11_2024-08-14_21-42-38-750x999.jpg","zNhlE8kvQvoe2gmuhnah7A==":"photo_16_2024-08-14_21-42-38-750x999.jpg","1DeyyPu80H1ihSILrDqrAg==":"photo_15_2024-08-14_21-42-38-961x1280.jpg","n+ra+yveD0saXw3DmU3cNQ==":"photo_3_2024-08-14_21-42-38-973x1280.jpg","hf0JHe3aQmtvbGDR4yU78A==":"photo_6_2024-08-14_21-42-38-720x959.jpg","YjEl9SqSsOxRCxrzOOs9iQ==":"%D0%B3%D1%80%D0%B0%D1%84%D0%B8%D1%82-977x1280.jpg","Y4G6oArFQK1MIc4kwGAYMQ==":"%D0%B4%D0%B6%D0%B8%D0%BD%D1%81-961x1280.jpg","jVb20kZceA/H80nms7uBhg==":"photo_14_2024-08-14_21-42-38-966x1280.jpg","oJQcpEVJTx536tZlaGM5+A==":"316-1280x1280.png","vrPgFkukVzunQtkqgC++qA==":"316r-1280x1280.png","C2XvDQVPPYMv/Yx7wWTp+g==":"photo_2_2024-08-14_23-51-12-853x1280.jpg","G3I9yFfAz369+TliGaGZ3A==":"photo_8_2024-08-14_23-51-12-853x1280.jpg","Et1//5UdZMZURaalxGzarQ==":"photo_13_2024-08-14_23-51-12-853x1280.jpg","fuavOKIZ0/pXeWqkefuWWA==":"photo_5_2024-08-14_23-51-12-853x1280.jpg","ItB00EE7ifTP2LOMdl5h8w==":"176-1280x1280.png","TrUltQSf/zVO7ZmA37Fwtg==":"176r-1280x1280.png","pZbH3KlTa5aOLscUaT14aQ==":"photo_2_2024-08-15_00-29-41-800x1200.jpg","FrmnOu4sG354jxOqKLGF7Q==":"photo_4_2024-08-15_00-29-41-800x1200.jpg","keljLIxHpV/xAP78HW4nEg==":"photo_7_2024-08-15_00-29-41-800x1200.jpg","7OGSp/RtHfZaB+yvPKsPBw==":"photo_13_2024-08-15_00-29-41-800x1200.jpg","Al8acL2S1VCsnw5rcGefxQ==":"photo_15_2024-08-15_00-29-41-800x1200.jpg","6yixBjAxmYN7DpNwwFr1YQ==":"photo_11_2024-08-15_00-29-41-800x1200.jpg","pA7+8y//0s6MuVnAI1Se6A==":"1371%202000-1668x1668.png","no53SZoE5cE1oBkBSCpfjw==":"photo_2024-08-23_09-02-21-851x1280.jpg","Lr+n5QBD/9aGdrxBuHjXmw==":"photo_2024-08-23_09-02-29%20(2)-851x1280.jpg","r24OkNznZcSMXpR22w0LBg==":"photo_2024-08-23_09-02-54-851x1280.jpg","IFuQQxOmzFZl7I8GmODXLQ==":"photo_2024-08-23_09-02-56-851x1280.jpg","lXQ/xhgJ9A+oc+ZnlJUvDQ==":"photo_2024-08-23_09-02-47-851x1280.jpg","AObfOSZvrEuQozQl0I09rw==":"photo_2024-08-23_09-02-57-851x1280.jpg","zCQxIGRrO50R4PO8ZBiZFQ==":"photo_2024-08-22_20-34-1-851x1280.jpg","fYZpEbKAG1BPkLSTgMQq8w==":"photo_2024-08-22_20-33-58-851x1280.jpg","pUSMFOko0EGhMrxdqbk2Vg==":"1371%20f-1280x1280.png","mNqMsrRSD7JQR1bDRVzHuQ==":"302-1280x1280.png","Kgv/pVeO9sHA8KtEpGtW5g==":"302r-1668x1668.png","RKdK8FA3JyjwgxWqdm7r9A==":"photo_6_2024-08-23_15-05-28-960x1280.jpg","bNR5H5FybzyUWxbNXluHeg==":"mbr-1036x691.jpg","UvTGvrcNYQ3llb12X1AmUQ==":"mbr-1036x693.jpg","i7bxKUrE5LKz8RLAM6xYag==":"photo_12_2024-08-23_15-05-28-960x1280.jpg","24tQjZYvbb5C9JkXdxSvkg==":"photo_21_2024-08-23_15-05-28-960x1280.jpg","9LIdnQzsYXdvUEcPsoTXbA==":"photo_11_2024-08-23_15-05-28-959x1280.jpg","V3k8t+Q7gwLndL4D7oHDZg==":"photo_18_2024-08-23_15-05-28-960x1280.jpg","dI7ehm68igKDLnL5yvs0Ng==":"312-1280x1280.png","U4PR//iKt43Vumg7J6mfEg==":"312r-1668x1668.png","zPP48Y7JqVxsMnpHracYag==":"photo_26_2024-08-23_16-43-58-960x1280.jpg","rvNxcRbVIwiRXceCDqrqMA==":"photo_10_2024-08-23_16-43-58-959x1280.jpg","XlELxE1UwKV11V9WtRjPYA==":"photo_14_2024-08-23_16-43-58-959x1280.jpg","cHJpzis8u9Zz9JizMWCzGw==":"photo_19_2024-08-23_16-43-58-960x1280.jpg","1RrRkirFVYpbAp0Zr+5ahA==":"photo_7_2024-08-23_16-43-58-960x1280.jpg","P2OTKwFlBoJ/RMHf5D6Kyg==":"9333r-1280x1280.png","wvKL4HCagyrW6EYVatfPjg==":"9333r2-1668x1668.png","RwSFdLmPhwB/4FRxAfs0VQ==":"93331-1280x1280.png","fttLbmfzY8JQXZfnvBnMiQ==":"1%20(3)-594x1056.jpg","58BiV4iBLnfylbBbvI+aWQ==":"93331ch-594x910.png","mtGO867HqhHJ8JbERCBSkw==":"2%20(1)-594x1056.jpg","Gcl3Q4uewhXrq2k+8OHCvQ==":"photo_20_2024-09-13_18-20-27-960x1280.jpg","7MPQwjfHn4Ruu8BWEcGB9w==":"0189g-1280x1280.png","JRhqPwlrmCnkoHGs5/QL2w==":"0189-1668x1668.png","yXI9rZ7ZrQMSUEeEVFGnkA==":"background1-4.jpg","BqygZvsWwajDCpC6LWiI/w==":"video_2024-09-13_18-14-37.mp4_snapshot_00.13.789-1080x1920.jpg","7t/bguVUWZeur2jM7l29KA==":"photo_44_2024-09-13_18-20-27-960x1280.jpg","7gV6ZSZ4zgAP1nJjoGAjbQ==":"photo_10_2024-09-13_18-20-27-594x792.jpg","k3blg/wIbmwL2RI3YIpSXQ==":"photo_35_2024-09-13_18-20-27-594x792.jpg","MhNffQttBCC/wTw3y+fBxw==":"photo_19_2024-09-13_18-20-27-594x792.jpg","ynwecZx4PyXQfdESeNyHGQ==":"photo_31_2024-09-13_18-20-27-594x792.jpg","QvJjje/S+2m82gNG3MTwUA==":"photo_36_2024-09-13_18-20-27-594x792.jpg","H5mZUt+Hilny5vOEKu+UFg==":"photo_6_2024-09-13_18-20-27-960x1280.jpg","oc82GGiyv+chgRwkyZkcVA==":"photo_8_2024-09-13_18-20-27-960x1280.jpg","D2B/79v6T8As9SIGhnUsLQ==":"photo_9_2024-09-13_18-20-27-960x1280.jpg","ZUGOD5oX0cl0CoRTqQE7cA==":"photo_10_2024-09-13_18-20-27-960x1280.jpg","lSRHjUP4FDUBLlMnqcunUg==":"photo_14_2024-09-13_18-20-27-960x1280.jpg","b9RfXnvzc4xU3Wfzo81Jfw==":"photo_15_2024-09-13_18-20-27-960x1280.jpg","H84YakcNsGd0eglWrKsoIg==":"photo_16_2024-09-13_18-20-27-960x1280.jpg","mcFDuW6TJ65NgFNpIelTqg==":"photo_3_2024-09-13_18-20-28-960x1280.jpg","PMDO8n0pEVNcj4+viWoOjQ==":"photo_4_2024-09-13_18-20-27-960x1280.jpg","E0PB3SmR8HYTNJKQQ4BNIQ==":"photo_11_2024-09-13_18-20-27-960x1280.jpg","Yk+WNQ+430cBxCXUau2sMw==":"photo_17_2024-09-13_18-20-27-960x1280.jpg","zBPSjdThDHQJ2HLoGKvJwg==":"photo_19_2024-09-13_18-20-27-960x1280.jpg","e+uuF2JwWCesFz8kriVZBw==":"photo_21_2024-09-13_18-20-27-960x1280.jpg","VVOZUePfqsf016mEcV0tNw==":"photo_22_2024-09-13_18-20-27-960x1280.jpg","1gDRGLY+gU8TGQuqtfwi4w==":"photo_24_2024-09-13_18-20-27-960x1280.jpg","P4Rv/Itj0EBQqjWGetNYbw==":"photo_43_2024-09-13_18-20-27-960x1280.jpg","H96koAtcGwKVvCRK7MXf8g==":"photo_35_2024-09-13_18-20-27-960x1280.jpg","GtKJ+Bbban42ro987T/ooA==":"photo_37_2024-09-13_18-20-27-960x1280.jpg","nJeTzEOOPuiisQ0hd/2voA==":"photo_38_2024-09-13_18-20-27-960x1279.jpg","DmRuyXSLbn+czyVcDOlrDw==":"photo_40_2024-09-13_18-20-27-960x1280.jpg","BV7d11UpJo2zhrSTl6oBYw==":"photo_41_2024-09-13_18-20-27-960x1280.jpg","3Quyh9jI1+HJpOcDUaB5jg==":"photo_5_2024-09-13_18-20-27-960x1280.jpg","R1gZrfxbEMm/a4w8CNsXCA==":"photo_13_2024-09-13_18-20-27-960x1280.jpg","KdsHrWMryNnAfw6+sDY2Hw==":"tigrpit%20(1)-768x1280.jpg","L0lFyPcyw3oNsU0I7Otv+g==":"korpitalbinos%20(5)-1280x1280.jpg","+flfeQbqVySE1GhxBgnlmQ==":"0185%E2%9C%A8-1668x1668.png","bSv16hbOMNQBLaRLc6LAfQ==":"tigrpit%20(1)-594x990.jpg","VauLZ8tv4i6J/yI1W0xqoA==":"srpit%20(3)-594x990.jpg","or+S9I4y3F/l5D1LbhP4PA==":"korpitalbinos%20(4)-594x990.jpg","xYQlUb7CVCBMQ8yj2p76PA==":"leo%20(5)-594x990.jpg","ndXpIMfVwoI/E5VHzBeZUA==":"korpitalbinos%20(2)-768x1280.jpg","jl50TzCPEicuUJUl88uC+w==":"korpitalbinos%20(7)-960x1280.jpg","Fw0O76lZvM+EW2/8buZPuQ==":"korpitalbinos%20(5)-960x960.jpg","qHXHU8Ga2/7J8gYhUhKeWQ==":"leo%20(2)-960x1280.jpg","t198Qfpx9wdlQOzFAoYNvQ==":"leo%20(6)-960x960.jpg","JNBcU2/lagSghlwUvnOwwg==":"leo%20(7)-768x1280.jpg","lSHTZXM37+RvZSj6hfM64g==":"leo%20(5)-768x1280.jpg","cnN0qMI449MaQ6Y0rOWkHA==":"srpit%20(1)-768x1280.jpg","IpS9L7QQl+VtsWJbfT3v5A==":"srpit%20(4)-768x1280.jpg","+f2HXbzObXmYhNbSqVEqSA==":"srpit%20(6)-768x1280.jpg","iQFMd4GgowY3KlrtbNooaA==":"srpit%20(8)-960x960.jpg","0+XvWyl1JumJAY6b5VP0tw==":"tigrpit%20(2)-768x1280.jpg","FMPoU+EuHN1o5vQpS9qoZA==":"0185-1280x1280.png","d7+SODfC5F4FFGRHk6iNmQ==":"281-1-1280x1280.png","rFN3ltpVPVCkbVZgpBC5mQ==":"281%20(1)-594x594.png","WMR/HFT0VRVb2Tcbt+MUKw==":"vidguk-679x645.jpg","dsNvIYy0dAn4ApI9+dH8lw==":"281%20(1)-768x768.png","XNrYlaD/dXM20ZmERSDGEg==":"img-4094-768x768.jpg","9KjAuUIlkWnjBYEi+sDoCA==":"mini_img-3107-768x768.jpg","0JO4QQQ96CKVZJgAVeBlqQ==":"mini_img-3109-768x768.jpg","5jKiU5C8fnoOznKYGCc8QA==":"mini_img-3124-768x768.jpg","It66+2VSQNuwZkIG5Z29/A==":"6652-3-768x768.jpg","2BjACUnWiet4VMx2O1npsQ==":"img-4074-768x768.jpg","TUmi+PVCRRfwM2kUuqmaSQ==":"img-4076-768x768.jpg","VK/Uyd2bqs5GF9gLuJvXOQ==":"img-4093-768x768.jpg","uDLf/hsJy9e5/j20lI9kNg==":"img-4095-768x768.jpg","0SYaRsFaIzqQafTgLeJwqw==":"mini_img-3153-768x768.jpg","YYkWLsDmFgg+IrFwZQPsYg==":"mini-2-768x768.jpg","Qgx1RvgWryRzhVBClvav8A==":"mini-4-768x768.jpg","1je7z3hARjUgL4hdhDMRIQ==":"1371-2000x2000.png","TvzTa6kXYRlQ7DJ+JqlQWg==":"1371-1421x1421.png","jAcdVXqz/it1WouxSw2sJA==":"%D1%80%D0%BE%D0%B7%D0%BC%D1%96%D1%80-1668x1668.png","yT8pktEA4Gv6mgY4TGTgSw==":"screenshot-91-489x474.jpg","svXDsa3/uolFr7qi9spDIQ==":"screenshot-90-489x453.jpg","OZWblSkYM25UrhPYws3i4w==":"screenshot-89-750x541.jpg","zl/nEt7FKkTluSLhwkYC3w==":"screenshot-87-718x570.jpg","paqj87aP4SfDt5nxv6NjmA==":"screenshot-86-718x454.jpg","ipWLFQL4IEgbeq/ZjYX/iA==":"screenshot-85-718x384.jpg","x2/MjRIYW4J+Ag6MjUFEHA==":"screenshot-83-718x384.jpg","wDnkiatmUTlOrg0XGknU2g==":"screenshot-82-721x456.jpg","ppZPGy9JAXBKgDh8FdmGnQ==":"screenshot-94-655x656.jpg","fkxpvGvHAdazMTCHsGnCBw==":"screenshot-93-655x656.jpg","3dA7vn2OoL7h2Zk9XTxP6A==":"screenshot-92-655x656.jpg","TNKverEFuPt30FTbzQndOA==":"349-1421x1421.png","cpSmxSR9REnwRIC8cytlQQ==":"349-2000x2000.png"}